title,slug,oldCategory,newSection,newFormat,reason,state
"A Nation Built on Faith and Virtue","america-is-built-on-faith-and-virtue",faith,faith,news,"was category=faith",PUBLISHED
"Op-Ed: UVU Just Learned a Lesson About Peacemaking","op-ed-uvu-just-learned-a-lesson-about-peacemaking",faith,faith,news,"was category=faith",PUBLISHED
"UVU Commencement Speaker Sparks Mourning, Frustration Among Utah Students","uvu-commencement-speaker-sparks-mourning-frustration-among-utah-students",faith,faith,news,"was category=faith",PUBLISHED
"Happy Holy Week: Some Ways BYU Is Remembering the Savior this Week","happy-holy-week-some-ways-byu-is-remembering-the-savior-this-week",faith,faith,news,"was category=faith",PUBLISHED
"Coming Closer to Jesus Christ: Dallin H. Oaks' Prophetic Debut","coming-closer-to-jesus-christ-dallin-h-oaks-prophetic-debut",faith,faith,news,"was category=faith",PUBLISHED
"Center on Christ Through Patience and Prayer: Elder Steven D. Shumway","center-on-christ-through-patience-and-prayer-elder-steven-d-shumway",faith,faith,news,"was category=faith",PUBLISHED
"BYUSA Presidential Candidate Leads Student Protest Against ICE","byusa-presidential-candidate-leads-student-protest-against-ice",faith,faith,news,"was category=faith",PUBLISHED
"BYU's Un-Alone Club: Brad Wilcox Shares A Message of Hope, Heartache, and Healing","byus-un-alone-club-brad-wilcox-shares-a-message-of-hope-heartache-and-healing",faith,faith,news,"was category=faith",PUBLISHED
"BYU Hosts Former NIH Director Francis Collins for a Forum Address, Drawing Controversy","byu-hosts-former-nih-director-francis-collins-for-a-forum-address-drawing-controversy",faith,faith,news,"was category=faith",PUBLISHED
"Elder and Sister Kearon Celebrate 100 Years of Institute with Invitations to Be Active Disciples and Rely on the Atonement","elder-and-sister-kearon-celebrate-100-years-of-institute-with-invitations-to-be-active-disciples-and-rely-on-the-atonement",faith,faith,news,"was category=faith",PUBLISHED
"Moving Towards Your Promised Land: Elder Matthew Holland Challenges Students to Cling to the Book of Mormon","moving-towards-your-promised-land-elder-matthew-holland-challenges-students-to-cling-to-the-book-of-mormon",faith,faith,news,"was category=faith",PUBLISHED
"Guardians at the Gate: Why LDS Women Should Be Unapologetically Pro-Life","guardians-at-the-gate-why-lds-women-should-be-unapologetically-pro-life",faith,faith,news,"was category=faith",PUBLISHED
"President and Sister Reese Welcome Students Back With Messages of Hope and Encouragement","president-and-sister-reese-welcome-students-back-with-messages-of-hope-and-encouragement",faith,faith,news,"was category=faith",PUBLISHED
"Elder Edward B Rowe: Confidence In Christ Offers Constant Hope","elder-edward-b-rowe-confidence-in-christ-offers-constant-hope",faith,faith,news,"was category=faith",PUBLISHED
"Dr. Jenet Erickson Emphasizes the Sanctity of Life and the Broken Promises of Abortion at Pro-life Club Event","dr-jenet-erickson-emphasizes-the-sanctity-of-life-and-the-broken-promises-of-abortion-at-pro-life-club-event",faith,faith,news,"was category=faith",PUBLISHED
"Dr. Catherine Pakaluk Asserts Religion, Not Government, Will Boost Birth Rates","dr-catherine-pakaluk-asserts-religion-not-government-will-boost-birth-rates",faith,faith,news,"was category=faith",PUBLISHED
"Christ as the Center of The Family Proclamation: Elder and Sister GilbertΓÇÖs Commemorative Address","christ-as-the-center-of-the-family-proclamation-elder-and-sister-gilberts-commemorative-address",faith,faith,news,"was category=faith",PUBLISHED
"Michael L. RobertsΓÇô Our Unique Purpose and Opportunity at BYU","michael-l-roberts-our-unique-purpose-and-opportunity-at-byu",faith,faith,news,"was category=faith",PUBLISHED
"President Oaks Announces the New First Presidency","president-oaks-announces-the-new-first-presidency",faith,faith,news,"was category=faith",PUBLISHED
"Why are BYU English Professors doing Land Acknowledgements?","why-are-byu-english-professors-doing-land-acknowledgements",faith,faith,news,"was category=faith",PUBLISHED
"Saints Worldwide Gather To Remember President Nelson","saints-worldwide-gather-to-remember-president-nelson",faith,faith,news,"was category=faith",PUBLISHED
"The Family Proclamation: A Rallying Cry to the Rising Generation","the-family-proclamation-a-rallying-cry-to-the-rising-generation",faith,faith,news,"was category=faith",PUBLISHED
"Honoring Russell M. Nelson: The Prophet of Our Youth","honoring-russell-m-nelson-the-prophet-of-our-youth",faith,faith,news,"was category=faith",PUBLISHED
"Elder Rasband Urges BYU Students To Prioritize The Family","elder-rasband-urges-byu-students-to-prioritize-the-family",faith,faith,news,"was category=faith",PUBLISHED
"The Myth of Charlie Kirk","the-myth-of-charlie-kirk",faith,faith,news,"was category=faith",PUBLISHED
"Why Diversity Is Not BYU-IdahoΓÇÖs Mission","why-diversity-is-not-byu-idahos-mission",faith,faith,news,"was category=faith",PUBLISHED
"Mormon Women for Not-So Ethical Government","mormon-women-for-not-so-ethical-government",faith,faith,news,"was category=faith",PUBLISHED
"BYU Library Celebrates Feminist Magazine Once Opposed by the Church","byu-library-celebrates-feminist-magazine-once-opposed-by-the-church",faith,faith,news,"was category=faith",PUBLISHED
"Dr. Ilana Horowitz: ReligionΓÇÖs Surprising Impact on Academic Success","dr-ilana-horowitz-religions-surprising-impact-on-academic-success",faith,faith,news,"was category=faith",PUBLISHED
"BYU Basketball Faces Second ""F*** the Mormons"" Chant This Season","byu-basketball-faces-second-f-the-mormons-chant-this-season",faith,faith,news,"was category=faith",PUBLISHED
"Deseret Book Pushes Speculative ΓÇ£Heavenly MotherΓÇ¥ Books Despite Prophetic Warnings","deseret-book-pushes-speculative-heavenly-mother-books-despite-prophetic-warnings",faith,faith,news,"was category=faith",PUBLISHED
"Love, Loss, and Loneliness: Elder Duncan Points BYU Students to Jesus Christ","love-loss-and-loneliness-elder-duncan-points-byu-students-to-jesus-christ",faith,faith,news,"was category=faith",PUBLISHED
"What I Learned From an Atheist at BYU","what-i-learned-from-an-atheist-at-byu",faith,faith,news,"was category=faith",PUBLISHED
"President and Sister Reese Welcome BYU Students","president-and-sister-reese-welcome-byu-students",faith,faith,news,"was category=faith",PUBLISHED
"Expanding Religious Education Opportunities for Adult Latter-day Saints","expanding-religious-education-opportunities-for-adult-latter-day-saints",faith,faith,news,"was category=faith",PUBLISHED
"Sister J. Anette Dennis: Peace Amidst Uncertainty","sister-j-anette-dennis-peace-amidst-turmoil",faith,faith,news,"was category=faith",PUBLISHED
"Phil Lyman Sets Record for Most Write-In Votes in Non-Presidential Election","phil-lyman-sets-record-for-most-write-in-votes-in-non-presidential-election",faith,faith,news,"was category=faith",PUBLISHED
"'You Probably DonΓÇÖt Believe the Book of Mormon' ΓÇô Anti-Trump Professor Doubles Down","you-probably-dont-believe-the-book-of-mormon-anti-trump-professor-doubles-down",faith,faith,news,"was category=faith",PUBLISHED
"BYU Professor Quotes Scripture to Condemn Trump Voters","byu-professor-quotes-scripture-to-condemn-trump-voters",faith,faith,news,"was category=faith",PUBLISHED
"Dallas Jenkins: Giving it All to God","dallas-jenkins-giving-it-all-to-god",faith,faith,news,"was category=faith",PUBLISHED
"BYU Newspaper Blocks Comments, Justifies Use of Pro-Abortion Euphemism","byu-newspaper-blocks-comments-justifies-use-of-pro-abortion-euphemism",faith,faith,news,"was category=faith",PUBLISHED
"Elder Takashi Wada: Cultivating Charity","elder-takashi-wada-cultivating-charity-the-coug-chron",faith,faith,news,"was category=faith",PUBLISHED
"Shima Baughman: Giving Our Hearts to Christ","shima-baughman-giving-our-hearts-to-christ-the-coug-chron",faith,faith,news,"was category=faith",PUBLISHED
"Utah Ranked #3 in Heritage FoundationΓÇÖs Annual Education Report","utah-ranked-3-in-heritage-foundations-annual-education-report-the-coug-chron",faith,faith,news,"was category=faith",PUBLISHED
"Love Alone is Not Enough","love-alone-is-not-enough-the-coug-chron",faith,faith,news,"was category=faith",PUBLISHED
"BYU Ignores Student Complaints Against ΓÇÿBlack MenacesΓÇÖ for Months, Other Complaints Addressed Immediately","student-complaints-against-black-menaces-ignored-by-byu-for-months-other-complaints-addressed-immediately",faith,faith,news,"was category=faith",PUBLISHED
"Thoughts on Elder and Sister CorbittΓÇÖs Prospective Missionary Devotional","thoughts-on-elder-and-sister-corbitts-prospective-missionary-devotional-the-coug-chron",faith,faith,news,"was category=faith",PUBLISHED
"Elder Cook, President Reese Attend Robert George Lecture on ""The Constitution and Civic Virtue""","elder-cook-president-reese-attend-robert-george-lecture-on-the-constitution-and-civic-virtue-the-coug-chron",faith,faith,news,"was category=faith",PUBLISHED
"BYU Global WomenΓÇÖs Studies Lecture: Political Equality, Christianity, and the Family","byu-global-womens-studies-lecture-political-equality-christianity-and-the-family-the-coug-chron",faith,faith,news,"was category=faith",PUBLISHED
"Love and Truth in ""Intelligence and Affection""","love-and-truth-in-intelligence-and-affection-the-coug-chron",faith,faith,news,"was category=faith",PUBLISHED
"Assumption Budgeting: The Cost of Belief","assumption-budgeting-the-cost-of-belief-the-coug-chron",faith,faith,news,"was category=faith",PUBLISHED
"Book Review: Natural Law and Human Rights","book-review-natural-law-and-human-rights-the-coug-chron",faith,faith,news,"was category=faith",PUBLISHED
"President and Sister Reese: BYUΓÇÖs Double Heritage","president-and-sister-reese-byus-double-heritage-the-coug-chron",faith,faith,news,"was category=faith",PUBLISHED
"Why Choose a Gun?","why-choose-a-gun-the-coug-chron",faith,faith,news,"was category=faith",PUBLISHED
"How Republicans Should Tackle Abortion","how-republicans-should-tackle-abortion-the-coug-chron",faith,faith,news,"was category=faith",PUBLISHED
"2023 First Presidency Christmas Devotional: Highlights","2023-first-presidency-christmas-devotional-highlights-the-coug-chron",faith,faith,news,"was category=faith",PUBLISHED
"Thoughts: Elder and Sister Cook's Worldwide Devotional","thoughts-elder-and-sister-cooks-worldwide-devotional-the-coug-chron",faith,faith,news,"was category=faith",PUBLISHED
"The Honor Code and the Church","the-honor-code-and-the-church",faith,faith,news,"was category=faith",PUBLISHED
"The Inviolability of Agency","the-inviolability-of-agency-the-coug-chron",faith,faith,news,"was category=faith",PUBLISHED
"BYU WomenΓÇÖs Empowerment Event Receives Mixed Reactions; Sister Johnson Shines","byu-womens-empowerment-event-receives-mixed-reactions-sister-johson-shines-the-coug-chron",faith,faith,news,"was category=faith",PUBLISHED
"The Baseball of On-Campus Governance","the-baseball-of-on-campus-governance-the-coug-chron",faith,faith,news,"was category=faith",PUBLISHED
"""Inequity,"" not ""Iniquity"": Visiting ASU Professor Speaks on Equity and the Book of Mormon","inequity-not-iniquity-visiting-asu-professor-speaks-on-equity-and-the-book-of-mormon-the-coug-chron",faith,faith,news,"was category=faith",PUBLISHED
"General Conference Recap: President Nelson, A Prophet of God","general-conference-recap-president-nelson-a-prophet-of-god",faith,faith,news,"was category=faith",PUBLISHED
"President Eyring's Message of Comfort","president-eyrings-message-of-comfort-the-coug-chron",faith,faith,news,"was category=faith",PUBLISHED
"The ChurchΓÇÖs Pro-life Awakening: Latter-day Saints Are Becoming More Pro-Life","the-churchs-pro-life-awakening-latter-day-saints-are-becoming-more-pro-life-the-coug-chron",faith,faith,news,"was category=faith",PUBLISHED
"9 Back to School Tips for BYU Students to Succeed","9-back-to-school-tips-for-byu-students-to-succeed-the-coug-chron",faith,faith,news,"was category=faith",PUBLISHED
"Publication Raises Questions About Maxwell InstituteΓÇÖs Path","publication-raises-questions-about-maxwell-institutes-path-the-coug-chron",faith,faith,news,"was category=faith",PUBLISHED
"The Fall of Roe: A Moment of Celebration and a Call to Action for Latter-day Saints","the-fall-of-roe-a-moment-of-celebration-and-a-call-to-action-for-latter-day-saints-the-coug-chron",faith,faith,news,"was category=faith",PUBLISHED
"Founder of Organization that Promotes ""gender-affirming medical care"" Speaks at BYU Women's Conference","founder-of-organization-that-promotes-gender-affirming-medical-care-speaks-at-byu-womens-conference",faith,faith,news,"was category=faith",PUBLISHED
"A Wall of Separation: Church, Faith, and State","a-wall-of-separation-church-faith-and-state",faith,faith,news,"was category=faith",PUBLISHED
"Elder Gong Devotional: Our Own Best Story","elder-gong-our-own-best-story-the-cougar-chronicle",faith,faith,news,"was category=faith",PUBLISHED
"BYU Cancels Debate Event on Abortion: Beams before Motes","byu-cancels-debate-event-on-abortion-beams-before-motes-the-cougar-chronicle-canceled",faith,faith,news,"was category=faith",PUBLISHED
"President Nelson Signals the Need for Peacemakers","president-nelson-signals-the-need-for-peacemakers-the-cougar-chronicle-general-conference",faith,faith,news,"was category=faith",PUBLISHED
"Opinion: Consent's Sandy Foundation","opinion-consents-sandy-foundation-the-cougar-chronicle",faith,faith,news,"was category=faith",PUBLISHED
"Study: Decrease in Religious Practice Leads to Increase in Deaths of Despair","study-decrease-in-religious-practice-leads-to-increase-in-deaths-of-despair-the-cougar-chronicle",faith,faith,news,"was category=faith",PUBLISHED
"The SEC and the Church of Jesus Christ of Latter-day Saints","the-sec-and-the-church-of-jesus-christ-of-latter-day-saints-the-cougar-chronicle",faith,faith,news,"was category=faith",PUBLISHED
"Political Reaction to President Corbitt's Speech on Activism in the Church","opinion-political-reaction-to-president-corbitts-speech-on-activism-in-the-church",faith,faith,news,"was category=faith",PUBLISHED
"Exclusive: Man Who Struck Sister Missionaries Set to Be Released From Jail Only 12 Months Later","exclusive-man-who-struck-sister-missionaries-set-to-be-released-from-jail-only-12-months-later",news,news,news,"default campus/news desk",PUBLISHED
"Church Comms Dept. Features Man Who Sells Merch Mocking Church","church-comms-dept-features-man-who-sells-merch-mocking-church",news,faith,news,"news + faith keywords",PUBLISHED
"EXCLUSIVE: Provo City Council to Vote on Major Parking Cuts Near BYU","provo-council-votes-to-cut-byu-parking-requirements-by-50",news,politics,news,"campus+politics ΓåÆ politics",PUBLISHED
"Salt Lake Councilwoman Calls for a $130k Raise While Abusing Office Budgets for Personal Travel","councilwomanwants-180k-part-time-salary-can-t-stay-within-travel-budget",news,news,news,"default campus/news desk",PUBLISHED
"BREAKING NEWS: Taco Bell Gone from Cougareat, Unknown Replacement Coming by Fall","breaking-news-taco-bell-gone-from-cougareat-unknown-replacement-coming-by-fall",news,news,news,"default campus/news desk",PUBLISHED
"EXCLUSIVE: Inside Karianne Lisonbee's Energetic Congressional Campaign","exclusive-inside-karianne-lisonbee-s-energetic-congressional-campaign",news,politics,news,"news + politics keywords",PUBLISHED
"Exclusive: Inside UVUΓÇÖs Extremist Student Groups","exclusive-inside-uvus-extremist-student-groups",news,news,news,"default campus/news desk",PUBLISHED
"Governor Cox Signs Bill Banning Transgender Treatments for Minors┬á","governor-cox-signs-bill-banning-transgender-treatments-for-minors",news,politics,news,"news + politics keywords",PUBLISHED
"BYUSA Presidential Candidates Vogel and Parr Are Preserving BYUΓÇÖs Purpose","byusa-presidential-candidates-vogel-and-parr-are-preserving-byus-purpose",news,politics,news,"campus+politics ΓåÆ politics",PUBLISHED
"ItΓÇÖs Now or Never: Why Utah Conservatives MUST Sign to Repeal Prop 4","its-now-or-never-why-utah-conservatives-must-sign-to-repeal-prop-4",news,news,news,"default campus/news desk",PUBLISHED
"Utah's 11th Annual March for Life Pushes Lawmakers to Defend the Unborn","utahs-11th-annual-march-for-life-pushes-lawmakers-to-defend-the-unborn",news,news,news,"default campus/news desk",PUBLISHED
"BYU ΓÇ£Anti-Racism ClubΓÇ¥ Promotes Openly Racist Literature Despite University Rules Against Political Activism","byu-anti-racism-club-promotes-openly-racist-literature-despite-university-rules-against-political-activism",news,politics,news,"campus+politics ΓåÆ politics",PUBLISHED
"BYUΓÇÖs Tempest-Tossed Men And How To Rescue Them","byus-tempest-tossed-men-and-how-to-rescue-them",news,news,news,"default campus/news desk",PUBLISHED
"Breaking: UVU Student Association Votes AGAINST Charlie Kirk Memorial","breaking-uvu-student-association-votes-against-charlie-kirk-memorial",news,news,news,"default campus/news desk",PUBLISHED
"Utah Policy Change Allows 15-Year-Olds to Alter Birth Gender With Minimal Restrictions","utah-policy-change-allows-15-year-olds-to-alter-birth-gender-with-minimal-restrictions",news,family,news,"news + family keywords",PUBLISHED
"Young Utahns Celebrate Charlie Kirk's Birthday at State Capitol","young-utahns-celebrate-charlie-kirks-birthday-at-state-capitol",news,politics,news,"news + politics keywords",PUBLISHED
"Christian Faith Emerges from Mourning at Charlie Kirk's Memorial Service","christian-faith-emerges-from-mourning-at-charlie-kirks-memorial-service",news,faith,news,"news + faith keywords",PUBLISHED
"Say His Name: UVUΓÇÖs Hollow Vigil for KirkΓÇÖs Assassination","say-his-name-uvus-hollow-vigil-for-kirks-assassination",news,news,news,"default campus/news desk",PUBLISHED
"Charlie Kirk to Visit Utah Campuses, Protests Expected","charlie-kirk-to-visit-utah-campuses-protests-expected",news,news,news,"default campus/news desk",PUBLISHED
"Senator Mike LeeΓÇÖs Big Beautiful Step Toward an Affordable Utah","senator-mike-lees-big-beautiful-step-toward-an-affordable-utah",news,news,news,"default campus/news desk",PUBLISHED
"Coming Soon: The Cougar Chronicle Print Edition","coming-soon-the-cougar-chronicle-print-edition",news,news,news,"default campus/news desk",PUBLISHED
"This is Y: Jenet EricksonΓÇÖs┬áLecture Promotes Covenants, Family","this-is-y-jenet-ericksons-lecture-promotes-covenants-family",news,family,news,"news + family keywords",PUBLISHED
"Mapleton 8th Grade English Guide Suggests Students Write Sexual Content, Kept Quiet from Parents","mapleton-8th-grade-writing-guide-suggests-sexual-content-kept-quiet-from-parents",news,family,news,"news + family keywords",PUBLISHED
"UtahΓÇÖs Newest Election Law: Reform or Bust?","utahs-newest-election-law-reform-or-bust",news,politics,news,"news + politics keywords",PUBLISHED
"Governor Cox's DEI Bluff","governor-coxs-dei-bluff",news,politics,news,"news + politics keywords",PUBLISHED
"Providence Student Section Chants ΓÇÿFΓÇö the Mormons,ΓÇÖ Athletic Director Apologizes","providence-student-section-chants-f-the-mormons-athletic-director-apologizes",news,news,news,"default campus/news desk",PUBLISHED
"WhatΓÇÖs the Deal with Utah Elections?","whats-the-deal-with-utah-elections",news,news,news,"default campus/news desk",PUBLISHED
"Dr. Melissa Kearney: Making Strong Families a Priority","dr-melissa-kearney-making-strong-families-a-priority-the-coug-chron",news,news,news,"default campus/news desk",PUBLISHED
"Double Standards: BYU Newspaper Shifts Tone on Trump Victory","double-standards-byu-newspaper-shifts-tone-on-trump-victory",news,politics,news,"campus+politics ΓåÆ politics",PUBLISHED
"Having Courage Among Cowards: Exclusive Interview with Riley Gaines","having-courage-among-cowards-exclusive-interview-with-riley-gaines",news,news,news,"default campus/news desk",PUBLISHED
"Elder Patrick Kearon: The Church of Joy","elder-patrick-kearon-the-church-of-joy-the-coug-chron",news,faith,news,"news + faith keywords",PUBLISHED
"Gov. Cox Flip-Flops, Applauds Push-Back Against Male Participation in Women's Sports","gov-cox-flip-flops-applauds-push-back-against-male-participation-in-womens-sports-the-coug-chron",news,news,news,"default campus/news desk",PUBLISHED
"BYU Rocked By Lack of Palestine Protests, Anti-Semitism","byu-rocked-by-lack-of-palestine-protests-anti-semitism-the-coug-chron",news,news,news,"default campus/news desk",PUBLISHED
"The Big Rip of Democracy","the-big-rip-of-democracy-the-coug-chron",news,news,news,"default campus/news desk",PUBLISHED
"Former Employee ΓÇÿShockedΓÇÖ at Potential Security Breach Posed by BYU Head of Security's LGBTQ Banquet","former-employee-shocked-at-potential-security-breach-posed-by-byu-head-of-securitys-lgbtq-banquet-the-coug-chron",news,news,news,"default campus/news desk",PUBLISHED
"BYU Security Head Holds Secret Meetings with LGBT Activists, Praises ""Brilliant"" Rainbow Y Lighting","byu-security-head-holds-secret-meetings-with-lgbt-activists-praises-brilliant-rainbow-y-lighting",news,news,news,"default campus/news desk",PUBLISHED
"UPDATED: RaYnbow Collective Vice President was scheduled to Host Panel at BYUΓÇÖs Annual WomenΓÇÖs Conference Before Silent Removal","raynbow-collective-vice-president-to-host-panel-at-byus-annual-womens-conference-the-coug-chron",news,news,news,"default campus/news desk",PUBLISHED
"BYU Republicans and Democrats Gather for Public Policy Debate","byu-republicans-and-democrats-gather-for-public-policy-debate-the-coug-chron",news,news,news,"default campus/news desk",PUBLISHED
"Brother Rick Anderson: Proclaiming the Truths of the Gospel","brother-rick-anderson-proclaiming-the-truths-of-the-gospel-the-coug-chron",news,faith,news,"news + faith keywords",PUBLISHED
"BYU Redacted Holland Speech, Removed Criticism of Pride Parades, ΓÇÿFlag-WavingΓÇÖ","byu-redacts-elder-hollands-speech-removing-references-to-lgbtq-flag-waving-and-parade-holding-the-coug-chron",news,news,news,"default campus/news desk",PUBLISHED
"BYU Requires HollandΓÇÖs ΓÇÿSecond CenturyΓÇÖ Talk in Curriculum, LGBTQ Groups Protest","byu-requires-hollands-second-century-talk-in-curriculum-lgbtq-groups-protest-the-coug-chron",news,news,news,"default campus/news desk",PUBLISHED
"Dr Jordan Peterson Lecture: We Who Wrestle With God","dr-jordan-peterson-lecture-we-who-wrestle-with-god",news,news,news,"default campus/news desk",PUBLISHED
"BYU Daily Universe Articles Prop Up Left-Wing Campus Group, Club Leadership that Defended Oct. 7 Attacks","byu-daily-universe-articles-prop-up-left-wing-campus-group",news,news,news,"default campus/news desk",PUBLISHED
"Yeonmi Park: Fighting for Freedom","yeonmi-park-fighting-for-freedom-the-coug-chron",news,news,news,"default campus/news desk",PUBLISHED
"Ruth Okediji Challenges Students to Bring Religious Truths to the Public Sphere","ruth-okediji-challenges-students-to-bring-religious-truths-to-the-public-sphere-the-coug-chron",news,faith,news,"news + faith keywords",PUBLISHED
"BYU Antiracism Club to Stump for DEI and Transgender Legislation Against School Policy: TPUSA, YAF, yet to be Approved","byu-antiracism-club-to-stump-for-dei-and-transgender-legislation-against-school-policy-tpusa-yaf-yet-to-be-approved",news,politics,news,"campus+politics ΓåÆ politics",PUBLISHED
"My Experience at the March For Life","my-experience-at-the-march-for-life-the-coug-chron",news,news,news,"default campus/news desk",PUBLISHED
"BYU School of Social Science Hands Out Pride Stickers for MLK Day","byu-school-of-social-science-hands-out-pride-stickers-for-mlk-day-the-coug-chron",news,news,news,"default campus/news desk",PUBLISHED
"Chloe Cole Visits the U, Leftists React","chloe-cole-visits-the-u-leftists-react-the-coug-chron",news,news,news,"default campus/news desk",PUBLISHED
"ΓÇ£Embracing Our Authentic SelvesΓÇ¥: BYU ΓÇ£Diversity and InclusionΓÇ¥ Lecture","embracing-our-authentic-selves-byu-diversity-and-inclusion-lecture-the-coug-chron",news,news,news,"default campus/news desk",PUBLISHED
"Dr. Bradford Wilcox: Mammon or Marriage?","mammon-or-marriage-the-coug-chron",news,family,news,"news + family keywords",PUBLISHED
"Cosmo as a Symbol of BYU","cosmo-as-a-symbol-of-byu",news,news,news,"default campus/news desk",PUBLISHED
"Is the Pursuit of Pleasure Making You Miserable?","is-the-pursuit-of-pleasure-making-you-miserable-the-coug-chron",news,news,news,"default campus/news desk",PUBLISHED
"Official Arab BYU Club Leadership Posts Warm Comments for Hamas Terror Attack","official-arab-byu-club-leadership-posts-warm-comments-for-hamas-terror-attack-the-cougar-chronicle",news,news,news,"default campus/news desk",PUBLISHED
"UPDATE:┬áBYU CAPS Office Removes LGBTQ ΓÇ£Activism GuidesΓÇ¥","update-byu-caps-office-removes-lgbtq-activism-guides-the-coug-chron",news,news,news,"default campus/news desk",PUBLISHED
"BYU Counseling Office Discreetly Distributing LGBTQ ΓÇ£ActivismΓÇ¥ Guides","byu-counseling-office-discreetly-offering-lgbtq-allyship-and-activism-guides-promoting-drag-pageants-and-gender-affirming-clothing-swaps-the-coug-chron",news,news,news,"default campus/news desk",PUBLISHED
"New BYU President Echoes Prophetic Call to Have the ΓÇ£Courage to Stand AloneΓÇ¥","new-byu-president-echoes-prophetic-call-to-have-the-courage-to-stand-alone-the-coug-chron",news,news,news,"default campus/news desk",PUBLISHED
"Debunking Claims From The Black Menaces","debunking-claims-from-the-black-menaces-the-coug-chron",news,news,news,"default campus/news desk",PUBLISHED
"Official Statement","official-statement",news,news,news,"default campus/news desk",PUBLISHED
"UPDATE: Elderly Provo Man Connected to Facebook Threats Against Biden Killed in Home Raid by FBI","breaking-elderly-provo-man-killed-in-home-raid-by-law-enforcement-the-coug-chron",news,politics,news,"campus+politics ΓåÆ politics",PUBLISHED
"BYU Law Professor Board Member of LGBTQ Group 'Encircle'","byu-law-professor-board-member-of-lgbtq-group-encircle-the-coug-chron",news,news,news,"default campus/news desk",PUBLISHED
"Exclusive: Editor's Interview with Tim Ballard","exclusive-editors-interview-with-tim-ballard-the-cougar-chronicle",news,news,news,"default campus/news desk",PUBLISHED
"A Unique Forum: Where Else But At BYU?","a-unique-forum-where-else-but-at-byu",news,news,news,"default campus/news desk",PUBLISHED
"BYU Law Debate Cancellation: Second Source and Contradicting Statements Suggest BYU Law School may not be Telling the Whole Truth","byu-law-debate-cancellation-second-source-and-contradicting-statements-suggest-byu-law-school-may-not-be-telling-the-whole-truth-the-cougar-chronicle",news,news,news,"default campus/news desk",PUBLISHED
"Part 2: A Look at Professor Coyne's ""The Eternal Family"" Class Slides","part-2-a-look-at-professor-coynes-the-eternal-family-class-slides-the-cougar-chronicle",news,family,news,"news + family keywords",PUBLISHED
"Uncovering Professor Coyne's ""Princess Culture"" Study","uncovering-professor-coynes-princess-culture-study-the-courgar-chronicle",news,news,news,"default campus/news desk",PUBLISHED
"Exclusive: ""What's the T"" - Sequel to ""This Book is Gay"" in Young Adult Section of Orem Barnes & Noble","whats-the-t-sequel-to-this-book-is-gay-in-young-adult-section-of-orem-barnes-noble-the-cougar-chronicle",news,news,news,"default campus/news desk",PUBLISHED
"Free Speech at BYU: Rob Jenkins' Presentation for the Tocqueville Society","rob-jenkins-presentation-at-byu-the-cougar-chronicle-free-speech",news,news,news,"default campus/news desk",PUBLISHED
"BYU Professor Speaks About Her Transgender 8 Year-old in Class","byu-professor-speaks-about-transgender-child-in-class-the-cougar-chronicle",news,news,news,"default campus/news desk",PUBLISHED
"Complaints of 'disrespectful' Speaker Used to Cancel Abortion Debate Appear Unfounded","complaints-of-disrespectful-speaker-used-to-cancel-abortion-debate-appear-unfounded-the-cougar-chronicle",news,news,news,"default campus/news desk",PUBLISHED
"You Can Break the Rules, but Only for Pride","you-can-break-the-rules-but-only-for-pride-the-cougar-chronicle",news,news,news,"default campus/news desk",PUBLISHED
"Elder Holland's Commencement at SUU","elder-holland-at-suu-the-cougar-chronicle",news,news,news,"default campus/news desk",PUBLISHED
"BYU Public Health Department Promotes Healthy Discourse┬á","byu-public-health-department-promotes-healthy-discourse-the-cougar-chronicle",news,news,news,"default campus/news desk",PUBLISHED
"Shane Reese Named President of BYU","shane-reese-named-president-of-byu-the-cougar-chronicle",news,news,news,"default campus/news desk",PUBLISHED
"Pro-life Bill in Utah Passes","pro-life-bill-in-utah-passes",news,politics,news,"news + politics keywords",PUBLISHED
"Club Speakers Insinuate Obama's Election Caused High White Suicide, Donors Influenced V-ball Story Backtrack","club-speakers-insinuate-increase-of-white-suicide-from-obamas-election-donors-influenced-volleyball-story-the-cougar-chronicle",news,politics,news,"news + politics keywords",PUBLISHED
"Hormone Therapy Doesn't Cause Infertility Until it Does: Intermountain Healthcare","hormone-therapy-doesnt-cause-infertility-until-it-does-intermountain-healthcare-the-cougar-chronicle",news,news,news,"default campus/news desk",PUBLISHED
"Family, Dreams, and Grit: Angela Duckworth Forum","family-dreams-and-grit-angela-duckworth-forum-the-cougar-chronicle",news,family,news,"news + family keywords",PUBLISHED
"The Woke BYU Civic Engagement Office","the-woke-byu-civic-engagement-office-the-cougar-chronicle",news,news,news,"default campus/news desk",PUBLISHED
"BYU Antiracism Database","byu-antiracism-database-the-cougar-chronicle",news,news,news,"default campus/news desk",PUBLISHED
"North Korean Survivor Draws Parallels Between North Korea and Woke America, BYU Students Attend","north-korean-survivor-draws-parallels-between-north-korea-and-woke-america-byu-students-attend-the-cougar-chronicle",news,news,news,"default campus/news desk",PUBLISHED
"BREAKING: Intermountain Healthcare doctor has done top surgery on minors. Intermountain's Primary Children's Hospital website appears to hide gender clinic as ""GeMS""","breaking-intermountain-healthcare-doctor-has-done-top-surgery-on-minors-intermountains-primary-childrens-hospital-website-appears-to-hide-gender-clinic-as-gems-the-cougar-chronicle",news,politics,news,"news + politics keywords",PUBLISHED
"Instagram's Child Porn Problem in Light of Utah Senate Bill 152","instagrams-child-porn-problem-the-cougar-chronicle",news,politics,news,"news + politics keywords",PUBLISHED
"Yeshiva University President, Rabbi Ari Berman, Gives Forum Address to BYU Students on the Covenant in Education","yeshiva-university-president-rabbi-ari-berman-gives-forum-address-to-byu-students-on-the-covenant-in-education",news,news,news,"default campus/news desk",PUBLISHED
"Robert Putnam and Shaylyn Romney Address the Wheatly Institute on the ""Upswing""","robert-putnam-and-shaylyn-romney-address-the-wheatly-institute-on-the-upswing-byu-conservative-cougar-chronicle",news,news,news,"default campus/news desk",PUBLISHED
"Bill Banning Gender Surgeries on Minors Passes, Chloe Cole Addresses the Damage of Gender Transition","bill-banning-gender-surgeries-on-minors-passes-chloe-cole-addresses-the-damage-of-gender-tranisition",news,politics,news,"news + politics keywords",PUBLISHED
"Elder and Sister Holland Share Messages of Hope, Simplicity, and Perserverance","elder-holland-shares-message-of-hope-simplicity-and-perserverance",news,news,news,"default campus/news desk",PUBLISHED
"Editorial: The Birth of Christ, King of Kings, the Prince of Peace","celebrate-with-us-as-we-celebrate-the-birth-of-jesus-christ",news,faith,news,"news + faith keywords",PUBLISHED
"BYU Classes Teach Ibram Kendi While he has Called Religious Missionary Work Racist","syllabi-from-byu-recently-posted-show-his-writings-being-used-in-classes-even-when-he-has-called-missionary-work-racist",news,faith,news,"news + faith keywords",PUBLISHED
"BYU Professor, ""I don't know the morals here"" When Speaking on Abortion","byu-professor-i-dont-know-the-morals-here-when-speaking-on-abortion",news,news,news,"default campus/news desk",PUBLISHED
"Review: Ralph Hancock on BYU, Higher Education, and the ""Gospel Methodology""","review-ralph-hancock-on-byu-higher-education-and-the-gospel-methodology",news,faith,news,"news + faith keywords",PUBLISHED
"UPDATE: Stanford Halftime Show Features Skit, Mocks the Church","update-stanford-halftime-show-features-skit-mocks-the-church",news,faith,news,"news + faith keywords",PUBLISHED
"Marriott Annual Report Features Creating ""Black-focused Recruiting Platform"" BlackUp","marriott-annual-report-features-creating-black-focused-recruiting-platform-blackup",news,news,news,"default campus/news desk",PUBLISHED
"Of Boys and Men, With Richard Reeves","of-boys-and-men-with-richard-reeves",news,news,news,"default campus/news desk",PUBLISHED
"(Satire) BYU Office of Belonging Creates Inclusive Haunted Houses","satire-byu-office-of-belonging-creates-inclusive-haunted-houses",news,news,news,"default campus/news desk",PUBLISHED
"BYU Republicans and Democrats Gather for Debate","byu-republicans-and-democrats-gather-for-debate",news,news,news,"default campus/news desk",PUBLISHED
"Sen. Mike Lee and Evan McMullin Face Off in Only Debate of Unusual Senate Race","sen-mike-lee-and-evan-mcmullin-face-off-in-only-debate-of-unusual-senate-race",news,politics,news,"news + politics keywords",PUBLISHED
"General Conference Themes and Words of Encouragement","general-conference-themes-and-words-of-encouragement",news,faith,news,"news + faith keywords",PUBLISHED
"(Satire) People Identifying as Latinx Launch Accusations of Cultural Appropriation, Hispanics Blamed","satire-people-identifying-as-latinx-launch-accusations-of-cultural-appropriation-hispanics-blamed",news,news,news,"default campus/news desk",PUBLISHED
"Opinion: Critical Race Theory and Rachel Richardson's Storytelling","opinion-critical-race-theory-and-rachel-richardsons-storytelling",news,news,news,"default campus/news desk",PUBLISHED
"""F*** the Mormons"" Chanted at BYU v Oregon Football Game","f-the-mormons-chanted-at-byu-v-oregon-football-game",news,news,news,"default campus/news desk",PUBLISHED
"Exclusive: Racist Comments at BYU Volleyball Game Never Happened, Sources Suggest","exclusive-racist-comments-at-byu-volleyball-game-never-happened-sources-suggest",news,news,news,"default campus/news desk",PUBLISHED
"Begin The World Over Again","",opinion,politics,opinion,"opinion + politics/general",APPROVED
"Ignore the Outrage, Love America","ignore-outrage-be-grateful-for-america",opinion,politics,opinion,"opinion + politics/general",PUBLISHED
"Angels in a Dark Forest: Can Peacemaking Really Save America?","angels-in-a-dark-forest-can-peacemaking-really-save-america",opinion,politics,opinion,"opinion + politics/general",PUBLISHED
"Why American Exceptionalism Still Matters Today","why-american-exceptionalism-still-matters-today",opinion,politics,opinion,"opinion + politics/general",PUBLISHED
"Humble Ourselves or Be Humbled","humble-ourselves-or-be-humbled",opinion,politics,opinion,"opinion + politics/general",PUBLISHED
"How the Honor Code, Not Pride Month, Helped This Gay BYU Alum Thrive ","how-the-honor-code-not-pride-month-helped-this-gay-byu-alum-thrive",opinion,news,opinion,"opinion + campus-ish",PUBLISHED
"I'm a Woman. Here's Why the Kai Schwemmer Controversy Doesn't Bother Me","i-m-a-woman-here-s-why-the-kai-schwemmer-story-doesn-t-bother-me",opinion,politics,opinion,"opinion + politics/general",PUBLISHED
"Adoption and Surrogacy: A False Comparison","adoption-and-surrogacy-a-false-comparison",opinion,politics,opinion,"opinion + politics/general",PUBLISHED
"Charlie Bird Wants a Child, But At What Cost?","charlie-bird-surrogacy-why-children-need-a-mother",opinion,politics,opinion,"opinion + politics/general",PUBLISHED
"3 Things Utah CD-2 Voters Should Know About Blake Moore","3-things-utah-cd-2-voters-should-know-about-blake-moore",opinion,politics,opinion,"opinion + politics/general",PUBLISHED
"The Bricks & Minifigs Scandal: Another Case of Anti-LDS Hysteria","the-bricks-minifigs-scandal-another-case-of-anti-lds-hysteria",opinion,faith,opinion,"opinion + faith keywords",PUBLISHED
"Dispelling Darkness in a Blind Age","dispelling-darkness-in-a-blind-age",opinion,print-edition,opinion,"has printEditionId",PUBLISHED
"We Can't Gatekeep Conservatism: A Response to ΓÇ£The Closing of the Conservative MindΓÇ¥","we-cant-gatekeep-conservatism-a-response-to-the-closing-of-the-conservative-mind",opinion,politics,opinion,"opinion + politics/general",PUBLISHED
"Fruitful Disagreement: A Showcase of BYUΓÇÖs Flirtations With Leftist Ideals","fruitful-disagreement-a-showcase-of-byus-flirtations-with-leftist-ideals",opinion,news,opinion,"opinion + campus-ish",PUBLISHED
"BYU College Republican Internal Debate: Fellow Travelers, Dupes, and Liberals","byu-college-republican-internal-debate-fellow-travelers-dupes-and-liberals",opinion,politics,opinion,"opinion + politics/general",PUBLISHED
"Digital Parenting: How to Prevent and Overcome the Negative Influences of Technology","digital-parenting-how-to-prevent-and-overcome-the-negative-influences-of-technology",opinion,politics,opinion,"opinion + politics/general",PUBLISHED
"RFK Jr.'s Unique Position","rfk-jr-s-unique-position",opinion,politics,opinion,"opinion + politics/general",PUBLISHED
"Young Conservatives: Now is Our Time","young-conservatives-now-is-our-time-the-coug-chron",opinion,politics,opinion,"opinion + politics/general",PUBLISHED
"Not Only Gray, but Almost Blind in the Service of My God","not-only-gray-but-almost-blind-in-the-service-of-my-god-the-coug-chron",opinion,politics,opinion,"opinion + politics/general",PUBLISHED
"Every Town a Border Town ΓÇô Even in Utah","every-town-a-border-town-even-in-utah-the-coug-chron",opinion,politics,opinion,"opinion + politics/general",PUBLISHED
"Opinion: In Defense of Governor Cox","opinion-in-defense-of-governor-cox-the-coug-chron",opinion,politics,opinion,"opinion + politics/general",PUBLISHED
"Christianity and the Crab Mentality","christianity-and-the-crab-mentality-the-coug-chron",opinion,politics,opinion,"opinion + politics/general",PUBLISHED
"Editing a Prophet's Words","editing-a-prophets-words",opinion,faith,opinion,"opinion + faith keywords",PUBLISHED
"Above All Other Identities and Labels","above-all-other-identities-and-labels",opinion,politics,opinion,"opinion + politics/general",PUBLISHED
"Open Borders or Christian Charity - Which?","open-borders-or-christian-charity-which-the-coug-chron",opinion,politics,opinion,"opinion + politics/general",PUBLISHED
"All Are Alike Unto God","all-are-alike-unto-god-the-coug-chron",opinion,politics,opinion,"opinion + politics/general",PUBLISHED
"In Puzzling SI Swimsuit Collab, BYU Tries to Have its Cake and Eat it Too","in-puzzling-si-swimsuit-collab-byu-tries-to-have-its-cake-and-eat-it-too-the-coug-chron",opinion,news,opinion,"opinion + campus-ish",PUBLISHED
"Is a Computer Programmer Greater than a Homemaker? Addressing Underlying Assumptions Made in BYU Classrooms about Careers and Rearing Children","is-a-computer-programmer-greater-than-a-homemaker-addressing-underlying-assumptions-made-in-byu-classrooms-about-careers-and-rearing-children-the-coug-chron",opinion,family,opinion,"opinion + family keywords",PUBLISHED
"Conservatives Need to Provide an Off-Ramp","conservatives-need-to-provide-an-off-ramp-the-coug-chron",opinion,politics,opinion,"opinion + politics/general",PUBLISHED
"BYUΓÇÖs Newspaper Highlights LGBTQ Groups Promoting 'Gender-Affirming Care'","byus-newspaper-highlights-lgbtq-groups-promoting-gender-affirming-care-the-coug-chron",opinion,family,opinion,"opinion + family keywords",PUBLISHED
"Pornography and Transgenderism","pornography-and-transgenderism-the-coug-chron",opinion,politics,opinion,"opinion + politics/general",PUBLISHED
"Faith, Community, and History Intersect on Juneteenth","faith-community-amp-history-intersect-on-juneteenth-the-coug-chron",opinion,faith,opinion,"opinion + faith keywords",PUBLISHED
"The Iron Cowboy and Others Support O.U.R. in Legends BoxingΓÇÖs Executive Fight Night","the-iron-cowboy-and-others-support-o-u-r-in-legends-boxings-executive-fight-night",opinion,politics,opinion,"opinion + politics/general",PUBLISHED
"An Open Letter to BYU: From the Editor","an-open-letter-to-byu-from-the-editor",opinion,news,opinion,"opinion + campus-ish",PUBLISHED
"WPATH Cites Porn to Justify ""Eunuch"" Gender Identity","wpath-cites-porn-to-justify-eunuch-gender-identity",opinion,family,opinion,"opinion + family keywords",PUBLISHED
"Official Statement: Salt Lake Tribune Article and Petition","official-statement-salt-lake-tribune-article-and-petition-the-cougar-chronicle",opinion,politics,opinion,"opinion + politics/general",PUBLISHED
"Opinion: The Danger of Romanticizing Marxism in the Humanities","the-danger-of-romanticizing-marxism-in-the-humanities-the-cougar-chronicle",opinion,politics,opinion,"opinion + politics/general",PUBLISHED
"Opinion: The Dangerous Theology of Transgenderism","the-dangerous-theology-of-transgenderism-the-cougar-chronicle-genderbread",opinion,faith,opinion,"opinion + faith keywords",PUBLISHED
"Opinion: Little Women, A Grounded Feminist Novel for Turbulent Times","opinion-little-women-a-grounded-feminist-novel-for-turbulent-times-the-cougar-chronicle",opinion,politics,opinion,"opinion + politics/general",PUBLISHED
"Opinion: The Religion of Climate Change Alarmism","opinion-the-religion-of-climate-change-alarmism",opinion,faith,opinion,"opinion + faith keywords",PUBLISHED
"Opinion: Conserving Conservatism","opinion-conserving-conservatism",opinion,politics,opinion,"opinion + politics/general",PUBLISHED
"Editorial: The Thanksgiving of Our Forefathers","editorial-the-thanksgiving-of-our-forefathers",opinion,politics,opinion,"opinion + politics/general",PUBLISHED
"Opinion: The Red Wave that Never Came","opinion-the-red-wave-that-never-came-2",opinion,politics,opinion,"opinion + politics/general",PUBLISHED
"Opinion: Race Marxism at BYU","opinion-race-marxism-at-byu",opinion,news,opinion,"opinion + campus-ish",PUBLISHED
"The ""Doctrine of Belonging"" is Not Woke","the-doctrine-of-belonging-is-not-woke",opinion,faith,opinion,"opinion + faith keywords",PUBLISHED
"Opinion: Rebuttal of Marriott Student Review: ""Sexism at its Peak""","opinion-rebuttal-of-marriott-student-review-sexism-at-its-peak",opinion,news,opinion,"opinion + campus-ish",PUBLISHED
"The BYUnique Campaign to Preserve BYU","the-byunique-campaign-to-preserve-byu",opinion,politics,opinion,"opinion + politics/general",PUBLISHED
"Opinion: The Political Arms Race and Why It Happens","opinion-the-political-arms-race-and-why-it-happens",opinion,politics,opinion,"opinion + politics/general",PUBLISHED
"Where Will We Go?","where-will-we-go",Opinion,print-edition,news,"has printEditionId",PUBLISHED
"Review of Conservatism: A Rediscovery","review-of-conservatism-a-rediscovery",Opinion,print-edition,news,"has printEditionId",PUBLISHED
"The Tragedy of The Rings of Power- The series fails to grasp what makes TolkienΓÇÖs work great.","the-tragedy-of-the-rings-of-power",Opinion,print-edition,news,"has printEditionId",PUBLISHED
"Are Latter-day Saints Really Pro-Life?","are-latter-day-saints-really-pro-life",Opinion,print-edition,news,"has printEditionId",PUBLISHED
"Looking Back, Why I Stood Up","looking-back-why-i-stood-up",Opinion,print-edition,news,"has printEditionId",PUBLISHED
"AI: Virtue or Vice?","ai-virtue-or-vice",Opinion,print-edition,news,"has printEditionId",PUBLISHED
"Whose Land Is It Anyway?","whose-land-is-it-anyway",Opinion,print-edition,news,"has printEditionId",PUBLISHED
"Reclaiming the Family: The Quiet Collapse We CanΓÇÖt Ignore","reclaiming-the-family-the-quiet-collapse-we-can-t-ignore",Opinion,print-edition,news,"has printEditionId",PUBLISHED
"The Hollowness of ΓÇÿFree ChoiceΓÇÖ: Why Modern Womanhood Needs Tradition","the-hollowness-of-free-choice-why-modern-womanhood-needs-tradition",Opinion,print-edition,news,"has printEditionId",PUBLISHED
"BYUΓÇÖs Tempest-Tossed Men","byu-s-tempest-tossed-men",Opinion,print-edition,news,"has printEditionId",PUBLISHED
"The Plague of Systemic Mediocrity","the-plague-of-systemic-mediocrity",Opinion,print-edition,news,"has printEditionId",PUBLISHED
"Defying The Spiral Of Silence","defying-the-spiral-of-silence",Opinion,print-edition,news,"has printEditionId",PUBLISHED
"False Compromise: LiberalismΓÇÖs Broken Understanding of Religious Freedom","false-compromise-liberalism-s-broken-understanding-of-religious-freedom",Opinion,print-edition,news,"has printEditionId",PUBLISHED
"Authentic Propaganda","authentic-propaganda",Opinion,print-edition,news,"has printEditionId",PUBLISHED
"Embracing Our Particularity ΓÇô Against the ΓÇÿCivility TrapΓÇÖ","embracing-our-particularity-against-the-civility-trap",Opinion,print-edition,news,"has printEditionId",PUBLISHED
"BYU Mission Alignment and Culture Wars","byu-mission-alignment-and-culture-wars",Opinion,print-edition,news,"has printEditionId",PUBLISHED
"Why Kirk's Assassin Deserves the Death Penalty","why-kirks-assassin-deserves-the-death-penalty",Opinion,news,news,"default campus/news desk",PUBLISHED